Experiment	PepsMappedfromData	PeptidesNotMappedFromData	UIDsMappedFromData	UIDSNotMappedFromData	PhosnsMappedTo	PhosnsNotMappedTo	ProteoformsMappedTo	ProteoformsNotMappedTo	ComplexesMappedTo	ComplexesNotMappedTo	IntegratedMapped	IntegratedNotMapped	MaxAbundance	MinAbundance
DaudiSYK_inhibition/Ctr	6986	2865	2326	1207	5849	8475	15530	31890	5598	7581	9245	8842	-4.998	3.448
SEMMLN518/Ctr	206	27	132	23	974	13350	2982	44438	1508	11671	2175	15912	-1.96	499.153
MCF-10AATP_10uM+EGF/Ctr	312	120	228	94	885	13439	1784	45636	1270	11909	1142	16945	-15.739	16.758
MCF-10AATP_10uM+EGF+LY294002/Ctr	312	120	228	94	885	13439	1784	45636	1270	11909	1142	16945	-9.946	16.763
Jurkat_E6.1PGE2_60min_Ctr	327	99	186	59	813	13511	1396	46024	1047	12132	717	17370	-6.644	6.644
muscleExercise/Ctr	13102	6193	2004	1101	4840	9484	13377	34043	5094	8085	7033	11054	-1.9397142857142853	2.53
THP-1MAA-co-IDA/MM-co-IDA_30min	4047	1100	761	291	2610	11714	7094	40326	2831	10348	4301	13786	-14.988	16.231
SW48_PIK3CA_(E545K/+)GDC0941/Ctr	4052	1200	824	382	2721	11603	6939	40481	2747	10432	4072	14015	-3.6944999999999997	2.581
SW48_PIK3CA_(H1047R/+)PI3Ki-A/D/Ctr	2994	959	797	370	2625	11699	6656	40764	2716	10463	3856	14231	-4.518	5.345
venous_bloodThrombin/Rest	596	216	284	100	1107	13217	3588	43832	1689	11490	2586	15501	-3.322	5.184
PC-9PC9+Erlotinib/Ctr	91	19	56	13	824	13500	1349	46071	789	12390	817	17270	-6.813	3.246
HFFHSV-1_12h/Ctr	6426	2844	1968	994	6184	8140	14337	33083	5219	7960	8082	10005	-29.1	31.675
Kasumi-1AZ123_1000nM/Ctr	4088	1316	1331	623	3782	10542	10163	37257	4274	8905	5744	12343	-6.138	10.342
MCF-10AATP_500uM+EGF/Ctr	312	120	228	94	885	13439	1784	45636	1270	11909	1142	16945	-8.131	15.673
NCI-H322;A-549A549/H322	909	308	404	164	1681	12643	2993	44427	1880	11299	1778	16309	-7.381	3.043
A-204DasR/A204	5415	2500	1747	967	5362	8962	12140	35280	4540	8639	6936	11151	-8.379	6.612
MCF-7IKKB(K44M),_TNFA/Ctr	9212	4614	2401	1534	6457	7867	15793	31627	5558	7621	9447	8640	-6.661	3.896
HAECAng-(1-7)_3min/Ctr	128	19	87	16	352	13972	1102	46318	419	12760	759	17328	-1.441	0.804
skin10_cGy/3_cGy	426	68	162	35	549	13775	1437	45983	582	12597	880	17207	-7.644	-0.01
skin3_cGy/Ctr	432	68	167	35	553	13771	1739	45681	597	12582	1162	16925	-8.381	-0.02
J.gamma1Anti-CD3+Anti-CD28_60min/Ctr	5660	1618	1335	555	3887	10437	10473	36947	3837	9342	6435	11652	-8.609	8.578
KG-1Erlotinib/Ctr	15180	5256	1945	885	5296	9028	13328	34092	4830	8349	8367	9720	-4.245	6.299
J14Anti-lgG_1min,_SLP76+/SLP76-	273	35	172	29	485	13839	2587	44833	1572	11607	1868	16219	-5.538	4.705
NCI-H3255EGF,_Erlotinib/Ctr	3913	1667	1484	736	5147	9177	12129	35291	4560	8619	7450	10637	-5.266	4.252
Hep-G2Fam20C_KD/WT	1395	452	765	286	1960	12364	5744	41676	2915	10264	3349	14738	-32.01	31.039
MCF-10AATP_100uM+EGF/Ctr	312	120	228	94	885	13439	1784	45636	1270	11909	1142	16945	-7.698	15.071
J14Anti-lgG_0min,_SLP76+/SLP76-	265	29	161	25	433	13891	2160	45260	1498	11681	1482	16605	-4.083	5.265
MCF-7Starvation_7min/Ctr	1609	660	759	354	2091	12233	6000	41420	2646	10533	3453	14634	-5.059	1.316
HeLaMitotic/Ctr	14680	6865	3283	1895	7705	6619	19908	27512	6603	6576	10916	7171	-3.233	5.418
NCI-H1299;NCI-H322H322/H1299	858	272	373	159	1199	13125	2235	45185	1559	11620	1391	16696	-5.322	3.986
HaCaT;SCC-9SCC-9/HaCaT	5883	2815	1528	877	4612	9712	10241	37179	4617	8562	5414	12673	-18.034	17.412
HeLaBI2536_0.1uM__mitosis/Ctr	15626	6242	2529	1412	6799	7525	16832	30588	5466	7713	10370	7717	-9.672	10.26
HUES_9PMA_6h/Ctr	7216	2817	1701	783	4758	9566	12314	35106	4719	8460	7376	10711	-8.141	8.028
Jurkat(HIV_expressing)Doxycycline_3h,_Vpr-deleted/WT	5203	1830	1610	723	4412	9912	11947	35473	4392	8787	7070	11017	-2.312	1.866
NCI-H1299TNFA_10min+SM_15min/Ctr	6972	2916	2019	1061	5851	8473	14091	33329	5237	7942	8055	10032	-0.906	2.8699999999999997
HT22Dexmedetomidine/Propofol	2181	661	1024	368	3744	10580	9788	37632	4077	9102	6031	12056	-3.857	4.651
SW1736PLX4032_30min/Ctr	1699	411	639	231	2635	11689	6309	41111	2423	10756	3916	14171	-2.617	1.381
MCF-7Tamoxifen,_sensitive/Resistant	7688	2623	1408	633	4758	9566	12272	35148	4491	8688	7890	10197	-6.161	6.995
TIG-3OISb_9d/Ctr	10245	4167	2292	1099	6731	7593	16969	30451	6017	7162	9687	8400	-5.809	5.848
DFCSFM_24h/Ctr	3180	1411	1227	608	4333	9991	10872	36548	4085	9094	6686	11401	-1.9009999999999998	2.285
MCF-10AH1047R/MCF10A	2188	325	299	66	1504	12820	4669	42751	2081	11098	3357	14730	-9.242	11.337
DG-75SYK_inhibition/Ctr	6597	2971	2312	1245	5849	8475	15076	32344	5567	7612	8961	9126	-3.493	2.535
Jurkat_E6.1CD3+CD4/Ctr	47769	17859	2341	1272	5938	8386	15835	31585	5189	7990	9520	8567	-11.308	8.322
U2OSHU,_CHK1i/ATMi	2353	1079	1203	662	4227	10097	9032	38388	4008	9171	5624	12463	-3.49	3.56
DaudiBCR_stimulation_10min/Ctr	6155	2546	2188	1147	5676	8648	14723	32697	5507	7672	8873	9214	-3.376	6.204
MCF-7Rapamycin_2min/Ctr	1397	507	669	287	2196	12128	5740	41680	2401	10778	3234	14853	-4.644	6.073
HCT_116PLX4032_50min/Ctr	4830	1917	1765	857	5425	8899	12862	34558	4561	8618	7956	10131	-4.706	3.101
HEK293Ang_3min/Ctr	8585	3711	1714	939	5217	9107	12526	34894	4403	8776	7801	10286	-6.644	7.866
PC-9EGF+TKI/Ctr	199	40	134	27	1139	13185	3508	43912	1506	11673	2691	15396	-3.421	7.394
HFFHSV-1_3h/Ctr	6426	2844	1968	994	6184	8140	14337	33083	5219	7960	8082	10005	-29.1	30.122
Hep-G2Fam20C_KO/WT	2489	860	1051	421	2431	11893	7885	39535	3502	9677	4726	13361	-5.038	4.141
HEK293Lisuride/Vehicle	14	8	10	3	82	14242	127	47293	76	13103	108	17979	-2.644	1.021
breast_cancerBreast_cancer_high_risk/Normal	7522	3929	2694	1599	7065	7259	17870	29550	6360	6819	9280	8807	-2.943	4.414
MCF-7TNFA,_Ctr/SC-514	7763	3794	2177	1331	5898	8426	14791	32629	5310	7869	8660	9427	-5.324	5.155
J.gamma1IgG_2min,_Jgamma1/WT	1624	384	773	233	2363	11961	7098	40322	3837	9342	4542	13545	-3.713	5.115
COLO_205PLX4032_40min/Ctr	4568	1639	1437	620	4827	9497	12006	35414	4100	9079	7387	10700	-3.666	3.793
J14Anti-lgG_3min,_SLP76+/SLP76-	255	33	148	26	499	13825	2447	44973	1519	11660	1867	16220	-7.216	5.747
HeLaEGF_10min/Ctr	25868	11968	3957	2898	8121	6203	22589	24831	7240	5939	12137	5950	-9.404	13.458
K-562MLN518/Ctr	215	21	106	16	447	13877	2876	44544	1302	11877	2439	15648	-5.0	3.0885
HEK293Torin1/Ctr	7406	4049	1988	1246	5880	8444	13089	34331	4745	8434	7182	10905	-2.159	2.461
CL1-0Citreoviridin/Ctr	404	116	213	58	612	13712	2003	45417	1022	12157	1456	16631	-2.715	2.354
Jurkat(HIV_expressing)Doxycycline_6h,_Vpr-deleted/WT	5203	1830	1610	723	4412	9912	11947	35473	4392	8787	7070	11017	-3.684	2.11
myocardialNIF/NF	829	278	298	125	769	13555	2311	45109	1153	12026	1326	16761	-4.923	5.206000000000001
myometrialOXT-CON/SP-REL	16	17	9	13	32	14292	71	47349	51	13128	36	18051	-2.0574999999999997	4.214
hTERT-RPE1Cyclin_A_High/Low	25223	10365	3400	1719	7939	6385	20563	26857	6731	6448	11545	6542	-4.52	5.65
MCF-7Starvation_30min/Ctr	1441	574	683	315	1963	12361	5678	41742	2442	10737	3294	14793	-5.644	1.692
A-431K8-S73D/WT	5314	1879	1582	766	5020	9304	11728	35692	4469	8710	6856	11231	-8.229	3.701
Jurkat_E6.1Anti-CD3+Anti-CD28_120min/Ctr	6333	1777	1351	542	4011	10313	10337	37083	3828	9351	6137	11950	-13.356	9.341
Skeletal_muscleCtr/Insulin	151	35	68	16	211	14113	410	47010	420	12759	226	17861	-0.51	1.581
MRC-5pUL97/UL97-K355Q	3867	1084	628	185	1852	12472	5539	41881	2462	10717	3301	14786	-5.644000000000001	4.542
SW48PI3Ki-A/D/Ctr	3752	1119	792	378	2581	11743	6706	40714	2680	10499	3898	14189	-2.358428571428571	6.337
HaCaTTGFB_15min/Ctr	8301	3853	2349	1368	6458	7866	15712	31708	5586	7593	8845	9242	-1.293	1.367
PC-9EGF,_TKI/Ctr	199	40	134	27	1139	13185	3508	43912	1506	11673	2691	15396	-4.124	5.366
myometrialOXT-REL/SP-REL	16	17	9	13	32	14292	71	47349	51	13128	36	18051	-2.12025	1.6104999999999998
Skeletal_muscleInsulin,_Ctr/PMI_5011	151	35	68	16	211	14113	410	47010	420	12759	226	17861	-1.593	0.463
CL1-0Citreoviridin_1h/Ctr	723	245	275	109	879	13445	2439	44981	1237	11942	1746	16341	-3.3	4.477
HeLaBI2536_0.1uM__entry/Ctr	15765	6268	2675	1450	7007	7317	17914	29506	5809	7370	10753	7334	-9.589	10.342
HeLa_S3VX680/Ctr	3440	969	1131	538	3573	10751	8582	38838	3621	9558	5151	12936	-5.024	4.849
HCT_116HKD/HSC	2345	897	1010	429	3218	11106	7806	39614	3545	9634	4553	13534	-7.174	7.5
COLO_205PLX4032_55min/Ctr	4408	1545	1412	615	4821	9503	11914	35506	4055	9124	7343	10744	-3.673	3.493
HUES_9PMA_24h/Ctr	7330	2867	1723	800	4964	9360	12244	35176	4636	8543	7046	11041	-8.142	6.28
SCC-9LPA_1.5min/Ctr	1780	611	543	239	2179	12145	5151	42269	2496	10683	3093	14994	-8.208	5.285
GTL16_R3_ResistantPF-04217903_6h/Ctr	19591	11326	4185	3038	6598	7726	21067	26353	7528	5651	9449	8638	-1.2378571428571428	1.181
GTL16_R3_ResistantPF-04217903_24h/Ctr	19591	11326	4185	3038	6598	7726	21067	26353	7528	5651	9449	8638	-1.631	1.496
MCF-10AEx9-KI/MCF10A	9009	3131	1363	665	4435	9889	10802	36618	3871	9308	6644	11443	-27.793	11.784
MCF-10AATP_500uM+EGF+LY294002/Ctr	312	120	228	94	885	13439	1784	45636	1270	11909	1142	16945	-11.982	20.163
JurkatOKT3_60min/Ctr	545	170	307	99	1149	13175	3585	43835	1522	11657	2394	15693	-2.69	5.129
HCC366Dasatinib/Ctr	190	23	141	21	620	13704	2139	45281	1090	12089	1628	16459	-4.834	1.811
HeLaEGF_15min,_SB202190_20min/Ctr	4920	1840	1299	582	4139	10185	10515	36905	3904	9275	6463	11624	-5.625	4.429
COLO_205PLX4032_25min/Ctr	4562	1630	1417	612	4788	9536	11766	35654	4078	9101	7165	10922	-2.162	4.261
MCF-10AATP_50uM+EGF+LY294002/Ctr	312	120	228	94	885	13439	1784	45636	1270	11909	1142	16945	-13.543	17.889
MCF-10AE545K/MCF10A	2188	325	299	66	1504	12820	4669	42751	2081	11098	3357	14730	-6.184	10.369
CAL-27Curcumin/Ctr	1234	211	303	89	1629	12695	4682	42738	2243	10936	3236	14851	-14.866999999999999	14.612
HeLaEGF/Ctr	4982	1968	1410	690	4333	9991	10197	37223	4155	9024	6347	11740	-6.477	5.47
HCT_116PLX4032_5min/Ctr	4729	1858	1758	842	5531	8793	13164	34256	4693	8486	7940	10147	-4.588	5.627
DG-75BCR_stimulation_10min/Ctr	395	49	209	42	698	13626	3193	44227	1660	11519	2437	15650	-2.029	5.621
HeLash_PP6c/Ctr	762	204	354	114	1129	13195	2277	45143	1704	11475	1285	16802	-6.092	6.193
HL-60VE-821/Ctr	6571	2527	2136	1014	5597	8727	14564	32856	5043	8136	8882	9205	-6.904	4.87
DG-75SYK/Ctr	520	193	220	37	615	13709	1889	45531	1490	11689	1261	16826	0.194	6.644000000000002
U-937Tet-free_2d/Ctr	887	347	530	227	1358	12966	3481	43939	2048	11131	1778	16309	-3.3220000000000005	7.216
HUES_9PMA_0.5h/Ctr	7265	2823	1716	786	4775	9549	12375	35045	4760	8419	7392	10695	-10.129	10.465
NSCLCNSCLC_B/NSCLC_A	1701	730	1099	510	3300	11024	7665	39755	3748	9431	3978	14109	-4.97	6.9
TIG-3OIS_9d/Ctr	9979	4068	2248	1058	6597	7727	16585	30835	5907	7272	9464	8623	-6.721	6.268
SGC-7901Genistein/Ctr	376	298	211	151	348	13976	1292	46128	1055	12124	767	17320	-8.381	1.455
HEK293PMA,_RSK1/2_RNAi/Ctr	6111	2348	2033	919	5993	8331	15017	32403	5368	7811	9064	9023	-3.112	5.081
HEK293AMPK+Compound_C/Ctr	59	7	48	5	157	14167	335	47085	236	12943	213	17874	-0.206	0.076
HBEC3-KT;A-549A549/3KT	892	296	387	151	1587	12737	3320	44100	1879	11300	2285	15802	-5.878	3.387
P31/FUJKu-794_1000nM/Ctr	4088	1316	1331	623	3782	10542	10163	37257	4274	8905	5744	12343	-14.669	9.266
MCF-7E2_30min/Ctr	304	140	206	102	515	13809	1522	45898	1036	12143	1095	16992	-8.655	3.2475
HCT_116PLX4032_35min/Ctr	4675	1843	1726	834	5345	8979	12673	34747	4500	8679	7849	10238	-4.015	5.34
MV4-11MLN518/Ctr	489	77	291	64	1744	12580	4360	43060	2206	10973	3051	15036	-5.711	300.549
Kasumi-1PI-103_1000nM/Ctr	4088	1316	1331	623	3782	10542	10163	37257	4274	8905	5744	12343	-7.9565	11.45
SW1736AZD6244_15min/Ctr	1699	411	639	231	2635	11689	6309	41111	2423	10756	3916	14171	-3.952	1.161
WM239APLX4032/AZD6244	13229	6162	3182	1922	7727	6597	20186	27234	6612	6567	11532	6555	-2.725	5.422
NB4S/G1	2495	819	1022	430	3041	11283	7607	39813	3356	9823	4387	13700	-0.693	2.739
J.gamma1IgG_3min,_Jgamma1/WT	1649	398	776	239	2385	11939	7130	40290	3839	9340	4566	13521	-2.875	4.88
MCF-10AEx20-KI/MCF10A	9007	3131	1363	665	4435	9889	10802	36618	3871	9308	6644	11443	-26.642899999999997	10.796
ErythrocyteUninhibited/Erythrocyte	662	112	85	28	184	14140	742	46678	904	12275	191	17896	-1.685	6.644
HEK293PKD1kd/Parental	5435	2209	1792	889	5635	8689	13123	34297	4681	8498	7948	10139	-6.289	14.333
CD4+T_cellHIV/Mock_vesicles	4498	1719	1761	772	5075	9249	13439	33981	5088	8091	8175	9912	-23.26	20.68
U-251MGJEV_P3/Ctr	1121	466	536	241	2287	12037	6067	41353	2345	10834	4087	14000	-14.221	13.921
NCI-H1299TNFA_10min/Ctr	6972	2916	2019	1061	5851	8473	14091	33329	5237	7942	8055	10032	-1.251	2.772
U2OSHU/Ctr	8994	4065	2645	1488	7137	7187	17587	29833	6059	7120	10484	7603	-6.21	6.609
GIST-T1Imatinib_6h/Ctr	192	45	109	37	1060	13264	2783	44637	1370	11809	1973	16114	-2.932	1.845
J.gamma1Anti-CD3+Anti-CD28_15min/Ctr	5660	1618	1335	555	3887	10437	10473	36947	3837	9342	6435	11652	-8.609	9.188
MCF-7TNFA/Ctr	20182	10170	2922	1953	7458	6866	18694	28726	6185	6994	10586	7501	-4.55	4.20925
HUES_9NCM_0.5h/Ctr	8272	3389	1902	906	4658	9666	13111	34309	4778	8401	7740	10347	-10.951	5.707
JurkatPervanadate/Ctr	421	73	216	45	738	13586	3414	44006	1750	11429	2590	15497	-14.439	8.793
184A1EGF_2min/Ctr	167	23	106	16	989	13335	3155	44265	1468	11711	2395	15692	-1.203	4.389
MCF-10AD.serum_40min/Ctr	113	41	73	31	187	14137	336	47084	409	12770	197	17890	-0.232	0.327
HT22Dexmedetomidine/Ctr	2181	662	1024	369	3744	10580	9788	37632	4077	9102	6031	12056	-3.644	3.708
HeLaMyc-Bub1_WT/KD	37	2	8	1	31	14293	76	47344	23	13156	56	18031	2.648	4.016
ARPE-19POS_30min/Ctr	1738	771	901	411	3437	10887	7980	39440	3298	9881	5249	12838	-2.38	3.403
MCF-7pCMV6-KSR1/pCMV6-vector	270	87	217	70	660	13664	2084	45336	1194	11985	1158	16929	-2.473	-0.263
MCF-7Starvation_15min/Ctr	1609	660	759	354	2091	12233	6000	41420	2646	10533	3453	14634	-5.644	2.269
SW48GDC0941/Ctr	3725	1114	787	377	2579	11745	6696	40724	2679	10500	3896	14191	-3.332	4.208
Jurkat(HIV_expressing)Doxycycline_24h,_Vpr-deleted/WT	5203	1830	1610	723	4412	9912	11947	35473	4392	8787	7070	11017	-3.298	1.404
CL1-0Citreoviridin_5min/Ctr	775	263	287	111	841	13483	2448	44972	1298	11881	1740	16347	-3.676	3.643
SK-BR-3Lapatinib_10uM__1min/Ctr	388	98	159	45	1113	13211	2570	44850	1162	12017	1959	16128	-3.66	3.65
MCF-10AATP_0uM+EGF+U0126/Ctr	312	120	228	94	885	13439	1784	45636	1270	11909	1142	16945	0.0	0.0
Jurkat_E6.1U0126_2.5min/Ctr	391	75	237	59	798	13526	3845	43575	2046	11133	2965	15122	-3.314	7.842
myocardialIF/NF	829	278	298	125	769	13555	2311	45109	1153	12026	1326	16761	-61.574	8.6845
NHDF50_cGy/Ctr	170	71	121	50	386	13938	968	46452	640	12539	681	17406	-2.415	4.499
Kasumi-1AZ123_100nM/Ctr	4088	1316	1331	623	3782	10542	10163	37257	4274	8905	5744	12343	-4.986	9.679
HCT_116ERKi_resistant+GDC0973/Ctr	2585	794	449	181	2273	12051	4466	42954	2055	11124	2884	15203	-4.605	5.566
Kasumi-1Ku-794_1000nM/Ctr	4088	1316	1331	623	3782	10542	10163	37257	4274	8905	5744	12343	-7.834	14.704
MCF-10AEGF_40min/Ctr	113	41	73	31	187	14137	336	47084	409	12770	197	17890	-0.479	0.29
HEK293Quinalizarin/Ctr	3274	1140	732	382	2397	11927	5688	41732	2645	10534	3510	14577	-6.644	9.966
HNSCCFADU/(OKF6/TERT1)	3540	1433	1581	780	4607	9717	11183	36237	4603	8576	6631	11456	-5.644	5.65
JurkatPGE2_30min/Ctr	8109	2983	2070	906	5569	8755	14658	32762	5016	8163	9077	9010	-1.327	1.1644999999999999
K-562K562-STI-R/K562	4813	1687	1132	501	3582	10742	9037	38383	3654	9525	5622	12465	-11.943	7.751
MCF-10AD.serum_10min/Ctr	162	69	118	54	357	13967	804	46616	640	12539	388	17699	-0.22	0.245
AT34_ABRH2O2/Ctr	3371	1584	1462	745	4639	9685	12054	35366	4278	8901	7126	10961	-8.455	6.94
NCI-H3255EGF/Ctr	3681	1291	1204	518	4382	9942	10604	36816	4425	8754	6330	11757	-6.058	5.248
SCC-9LPA_5min/Ctr	1780	611	543	239	2179	12145	5151	42269	2496	10683	3093	14994	-4.638	3.196
HeLaForskolin/Ctr	1199	343	638	206	2097	12227	4054	43366	2405	10774	2262	15825	-1.309	3.147
HeLaAdhesion+Spreading,_30min/12min	557	225	351	162	1454	12870	3436	43984	1373	11806	2513	15574	-2.644	2.5415
J14Unstimulated,_SLP76+/SLP76-	195	18	135	16	335	13989	1940	45480	1185	11994	1376	16711	-5.526	5.296
NCI-H3255EGF,_TKI/Ctr	744	144	254	62	1320	13004	4191	43229	2181	10998	2918	15169	-4.259	1.07
U2OSHU,_ATM+CHK1i/Ctr	2335	1073	1193	658	4213	10111	8599	38821	3983	9196	5213	12874	-3.66	4.57
HeLaTaxol/Ctr	16025	6228	2817	1493	6897	7427	18149	29271	5984	7195	10629	7458	-9.929	10.002
hTERT-RPE1Plk1(as)_3-MB-PP1/Ctr	13475	5923	2762	1567	7151	7173	18376	29044	5974	7205	10608	7479	-5.644	6.581
SW48_PIK3CA_(E545K/+)PI3Ki-A/D/Ctr	4136	1216	829	384	2705	11619	6924	40496	2742	10437	4060	14027	-4.441	2.303
Jurkat(HIV_expressing)Doxycycline_0h,_Vpr-deleted/WT	5203	1830	1610	723	4412	9912	11947	35473	4392	8787	7070	11017	-2.589	2.99
CL1-0Citreoviridin_36h/Ctr	996	343	356	151	965	13359	2978	44442	1337	11842	2116	15971	-6.507	3.328
COLO_205PLX4032_45min/Ctr	4434	1578	1396	607	4672	9652	11163	36257	3965	9214	6627	11460	-2.897	3.676
A-498HB-EGF/LPA	8157	2442	1444	687	4857	9467	13158	34262	4429	8750	8445	9642	-7.808	4.612
COLO_205PLX4032_30min/Ctr	4585	1629	1431	603	4809	9515	11663	35757	4076	9103	7087	11000	-2.301	4.045
HBEC3-KT;NCI-H322H322/3KT	880	327	389	170	1716	12608	2891	44529	1801	11378	1807	16280	-6.381	3.658
A-431Gefitinib/Ctr	10344	4712	2686	1520	6993	7331	18057	29363	5844	7335	10433	7654	-2.87	2.413
skin10_cGy/Ctr	531	102	196	43	630	13694	1902	45518	702	12477	1274	16813	-6.381	-0.004
venous_bloodKODA-PC/PLPC	410	141	225	72	848	13476	2709	44711	1206	11973	1938	16149	-3.322	3.912
MCF-7TNFA/IKK-B(K44M)	9215	4620	2403	1534	6457	7867	15795	31625	5562	7617	9447	8640	-6.083	3.638
U-937Tet-free_5d/Ctr	885	272	474	185	1443	12881	3898	43522	1984	11195	2119	15968	-3.322	10.021
PaSCNicotine/Ctr	14263	6680	2598	1508	7012	7312	18280	29140	6068	7111	10407	7680	-3.479	1.966
NB4G2/G1	2495	819	1022	430	3041	11283	7607	39813	3356	9823	4387	13700	-0.693	4.045
A-549sh-TBK1/Ctr	5033	1804	1408	603	4142	10182	10850	36570	4080	9099	6845	11242	-4.6739999999999995	2.273
MCF-7TIMP-1,_high/Low	4568	2120	1060	565	2896	11428	7032	40388	2783	10396	4044	14043	0.005	24.733
Kit225IL-23_30min/Ctr	3803	1428	1135	459	3679	10645	9319	38101	3825	9354	5490	12597	-10.426	7.047000000000001
bloodADP_30s/Ctr	6713	2775	1508	642	3838	10486	11554	35866	4985	8194	6765	11322	-2.155	2.4965
BOECThrombin_5min/Ctr	6821	3319	1918	1080	5090	9234	14332	33088	5157	8022	8549	9538	-2.832	4.828
HeLa_S3M/S	5434	1105	1036	397	3668	10656	10350	37070	3673	9506	7240	10847	-4.059	7.608
GIST-T1Imatinib_1h/Ctr	215	42	120	37	1108	13216	2872	44548	1470	11709	2016	16071	-2.921	1.096
NCI-H1299;A-549A549/H1299	852	248	365	145	1144	13180	2196	45224	1565	11614	1361	16726	-6.381	4.181
II-18EGF+TKI/Ctr	579	113	206	60	1742	12582	4283	43137	1816	11363	3074	15013	-2.677	2.904
HCT_116G824_1uM/Ctr	3789	1062	831	289	3414	10910	8496	38924	3795	9384	5585	12502	-5.295	2.880333333333334
HCT_116GDC0973_1uM/Ctr	3802	1064	831	292	3420	10904	8501	38919	3795	9384	5592	12495	-5.169	6.134
Skeletal_muscleCtr/PMI_5011	151	35	68	16	211	14113	410	47010	420	12759	226	17861	-0.966	0.828
U-937Tet-free_3d/Ctr	701	241	418	173	1123	13201	2891	44529	1679	11500	1437	16650	-3.322	10.216
HFFN._caninum/Ctr	41	11	32	7	130	14194	209	47211	120	13059	126	17961	0.593	3.852
KG-1Erlotinib/Gefitinib	15175	5254	1946	885	5298	9026	13333	34087	4832	8347	8370	9717	-4.913	5.674
6-10BDNP/Ctr	102	29	54	16	164	14160	304	47116	388	12791	188	17899	-3.206	2.171
HEK293PMA,_BI-D1870/Ctr	7270	2846	2164	1024	6049	8275	15701	31719	5538	7641	9203	8884	-4.709	5.13025
J.gamma1IgG_0min,_Jgamma1/WT	1537	381	762	234	2319	12005	7044	40376	3737	9442	4523	13564	-4.144	8.579
Akata(EBV+)Vector/BGLF4	6257	2603	1686	858	4485	9839	11255	36165	4317	8862	7067	11020	-16.013	14.533
WM239ATRA/Ctr	8473	3794	2663	1309	6818	7506	16926	30494	5940	7239	9804	8283	-4.249	1.971
SK-BR-3Lapatinib_10uM__10min/Ctr	404	107	167	49	1163	13161	2624	44796	1176	12003	1999	16088	-7.48	5.52
A-431K8-S431D/WT	5314	1879	1582	766	5020	9304	11728	35692	4469	8710	6856	11231	-8.229	4.501
bloodADP_30s+Iloprost_30s/Ctr	2988	1323	1104	452	3075	11249	9502	37918	3935	9244	5806	12281	-1.773	2.279
HFFHSV-1_6h/Ctr	6426	2844	1968	994	6184	8140	14337	33083	5219	7960	8082	10005	-29.264	30.574
bloodScott+thrombin/Healthy	2323	717	742	261	2130	12194	6859	40561	2836	10343	4275	13812	-3.613	6.045
MCF-7SC-514/Ctr	12374	6349	2890	1931	7425	6899	18593	28827	6159	7020	10547	7540	-3.735	2.64
TIG-3OIS_3d/OISb_3d	9400	3962	2114	1009	6210	8114	15186	32234	5641	7538	8317	9770	-3.424	4.749
MCF-7Starvation_2min/Ctr	1440	574	682	315	1959	12365	5673	41747	2442	10737	3289	14798	-5.059	1.787
A-375PD184352/DMSO	7310	2890	2148	1032	6088	8236	15522	31898	5521	7658	9222	8865	-4.478	8.025
MCF-7Rapamycin_7min/Ctr	1611	645	747	346	2334	11990	6073	41347	2534	10645	3432	14655	-4.059	1.895
HeLa_S3Ctr/mitosis	16139	6179	3181	1596	7064	7260	19186	28234	6568	6611	10331	7756	-12.05	11.64
Kit225IL-2/Ctr	33	4	23	2	126	14198	608	46812	329	12850	500	17587	-0.626	5.959
MDA-MB-231Ginsenoside_Rg3_3h/Ctr	3530	1327	1358	647	4222	10102	10272	37148	3874	9305	5941	12146	-0.488	1.259
Jurkat_E6.1PGE2_1min/Ctr	363	110	201	68	873	13451	1471	45949	1103	12076	765	17322	-6.644	6.644
TIG-3OISb_3d/Ctr	9462	3900	2114	987	6272	8052	15068	32352	5499	7680	8407	9680	-4.161	5.998
DG-75BCR_stimulation_20min/Ctr	395	49	209	42	698	13626	3193	44227	1660	11519	2437	15650	-3.131	4.945
HCT_116PLX4032_25min/Ctr	4993	1972	1807	872	5656	8668	13482	33938	4762	8417	8109	9978	-3.983	5.232
CL1-0Citreoviridin_24h/Ctr	1063	376	363	154	990	13334	2755	44665	1485	11694	1878	16209	-8.599	4.273
184A1EGF_32min/Ctr	130	17	83	10	937	13387	3046	44374	1331	11848	2338	15749	-0.441	4.536
HCT_116PLX4032_10min/Ctr	3769	1500	1615	771	5264	9060	12420	35000	4570	8609	7582	10505	-4.249	6.22
ARPE-19POS_90min/Ctr	1715	763	892	411	3432	10892	7962	39458	3285	9894	5239	12848	-3.192	3.506
MCF-10AD.serum_60min/Ctr	80	32	57	24	108	14216	377	47043	193	12986	144	17943	-0.215	0.249
HEK293Insulin/Ctr	7406	4049	1988	1246	5880	8444	13089	34331	4745	8434	7182	10905	-1.5446666666666669	4.764
NCI-H1975EGF,_TKI/Ctr	865	175	294	79	1338	12986	4804	42616	2466	10713	3489	14598	-5.596	1.564
NHAIDH1mut-NHA/Ctr	4966	2043	1580	740	4806	9518	12407	35013	4635	8544	7719	10368	-21.506	20.657
HES-3FGF-2_5min/Ctr	361	45	181	36	1445	12879	4047	43373	1588	11591	3002	15085	-2.59	3.64
bloodSchizophrenia/Ctr	234	29	66	10	44	14280	430	46990	321	12858	39	18048	-4.94	1.9799999999999998
HeLa_KyotoInsulin+aa,_Raptor_KD/Ctr	3034	1154	1085	497	3542	10782	9267	38153	3432	9747	5945	12142	-5.208	5.498
J14Anti-lgG_5min,_SLP76+/SLP76-	274	42	163	35	520	13804	2521	44899	1571	11608	1891	16196	-3.684	4.219
MOLM-14MLN518/Ctr	300	21	177	18	1048	13276	3516	43904	1882	11297	2632	15455	-1.96	266.432
DLD-1HGF_60min/Ctr	178	23	105	18	1074	13250	3264	44156	1295	11884	2613	15474	-3.301	13.89
HNSCCCAL27/(OKF6/TERT1)	3540	1433	1581	780	4607	9717	11183	36237	4603	8576	6631	11456	-5.644	4.924
DG-75BCR_stimulation_5min/Ctr	445	63	237	46	778	13546	3531	43889	1780	11399	2467	15620	-1.558	5.855
SCC-9LPA_10min/Ctr	12646	5557	2282	1195	6423	7901	16337	31083	5439	7740	9849	8238	-8.224	4.976
GB-2Ctr/Serum	2422	865	1048	458	3220	11104	8777	38643	3724	9455	5885	12202	-6.644	5.318
MCF-10AEGF_5min/Ctr	102	39	66	28	130	14194	260	47160	270	12909	166	17921	-0.289	0.302
liverHCC,_Sorafenib/Ctr	8255	3098	2358	991	6480	7844	15950	31470	5577	7602	9006	9081	-25.904	23.964
A-431K8-S73A/WT	5314	1879	1582	766	5020	9304	11728	35692	4469	8710	6856	11231	-2.396	1.941
breast_cancerBreast_cancer_low_risk/Normal	7522	3929	2694	1599	7065	7259	17870	29550	6360	6819	9280	8807	-5.644	3.681
HEK293PMA,_PD184352/Ctr	6976	2702	2120	999	5971	8353	15149	32271	5431	7748	8770	9317	-5.227	5.1345
Skeletal_muscleCtr/PMI_5011+Insulin	151	35	68	16	211	14113	410	47010	420	12759	226	17861	-1.308	1.34
brainAlzheimer/Control	5009	2355	1100	593	2482	11842	7557	39863	3314	9865	3761	14326	-3.043	7.774
breast_cancerHER2+/HER2-	13623	6568	3282	1917	7891	6433	20106	27314	6604	6575	11585	6502	-3.358	3.715
HFFHSV-1_15h/Ctr	6426	2844	1968	994	6184	8140	14337	33083	5219	7960	8082	10005	-29.463	32.33
II-18EGF/Ctr	579	113	206	60	1742	12582	4283	43137	1816	11363	3074	15013	-1.951	5.476
breast_cancerBreast_cancer/Normal	17783	8903	4075	2531	9604	4720	24872	22548	7480	5699	13168	4919	-4.911	7.883
HaCaTHaCaT-arsenic_exposed/HaCaT	1524	603	895	396	3353	10971	7002	40418	3165	10014	4030	14057	-3.322	3.858
SW620;SW480SW620/SW480	45472	20185	3202	1646	7575	6749	19378	28042	6690	6489	11099	6988	-6.845	5.292
HEK293Rapamycin/Ctr	7406	4049	1988	1246	5880	8444	13089	34331	4745	8434	7182	10905	-1.95	2.488
MCF-10AATP_10uM+EGF+U0126/Ctr	312	120	228	94	885	13439	1784	45636	1270	11909	1142	16945	-12.345	18.989
HEK293PINK1_WT/KD	6444	3311	2628	1532	6505	7819	15715	31705	6055	7124	8319	9768	-3.2750000000000004	6.38
SW480TGFB/Ctr	49	5	40	3	207	14117	1077	46343	223	12956	966	17121	-4.322	1.163
HCT_116PLX4032_20min/Ctr	4474	1774	1737	830	5347	8977	12960	34460	4614	8565	7848	10239	-4.055	4.41
HES-3FGF-2_15min/Ctr	361	45	181	36	1445	12879	4047	43373	1588	11591	3002	15085	-1.94	3.12
CL1-0;CL1-5CL1-5/CL1-0	28	18	17	9	453	13871	336	47084	230	12949	101	17986	-5.158	10.517
HeLaAdhesion+Spreading,_12min/0min	557	225	351	162	1454	12870	3436	43984	1373	11806	2513	15574	-2.12	3.07
JurkatHIV-1_40min/Ctr	10430	4085	2888	1483	6823	7501	18567	28853	6017	7162	10928	7159	-4.992	4.282
HeLa_S3G2/Ctr	16029	6164	3168	1594	7063	7261	19170	28250	6567	6612	10327	7760	-9.8	8.48
DLD-1HGF_10min/Ctr	178	23	105	18	1074	13250	3264	44156	1295	11884	2613	15474	-12.831	10.376
MCF-10AATP_100uM+EGF+U0126/Ctr	312	120	228	94	885	13439	1784	45636	1270	11909	1142	16945	-11.72	19.4045
bloodADP_30s+Iloprost_60s/Ctr	2988	1323	1104	452	3075	11249	9502	37918	3935	9244	5806	12281	-1.722	2.743
HeLa_S3Early_S/Ctr	16126	6178	3180	1596	7064	7260	19185	28235	6568	6611	10331	7756	-11.64	7.66
U2OSVE-821+HU/HU	8994	4065	2645	1488	7137	7187	17587	29833	6059	7120	10484	7603	-5.801	6.107
bloodADP_60s/Ctr	3725	1452	1364	567	3480	10844	10501	36919	4669	8510	6231	11856	-2.203	2.341
MCF-7Resveratrol/Ctr	1810	578	586	272	1777	12547	4627	42793	2298	10881	3187	14900	-8.458	3.791
J.VAv1IgG_3min,_J.Vav1/J.Vav1.WT	770	160	454	108	1119	13205	4804	42616	2812	10367	3377	14710	-8.141	4.511
J14Anti-lgG_1.5min,_SLP76+/SLP76-	279	36	173	30	489	13835	2589	44831	1582	11597	1866	16221	-4.657	6.108
MCF-10AEx20-KI/Ex20-KI-J124	9006	3131	1363	665	4435	9889	10802	36618	3871	9308	6644	11443	-8.955	10.692
ARPE-19POS_120min/Ctr	1742	764	903	411	3442	10882	7994	39426	3307	9872	5257	12830	-3.228	3.422
myocardialNIF/IF	829	278	298	125	769	13555	2311	45109	1153	12026	1326	16761	-3.988	123.002
J.gamma1IgG_1min,_Jgamma1/WT	1607	385	768	234	2348	11976	7084	40336	3783	9396	4548	13539	-2.778	8.906
HBEC3-KT3KTR/3KT	996	347	439	177	1837	12487	3743	43677	2042	11137	2556	15531	-1.5973333333333333	1.737
NHAGDC0973/Ctr	904	310	528	195	1844	12480	4816	42604	2397	10782	3479	14608	-6.19	19.861
COLO_205PLX4032_35min/Ctr	4531	1633	1416	617	4808	9516	11987	35433	4112	9067	7382	10705	-2.043	3.998
MCF-10AEGF_120min/Ctr	154	56	116	44	383	13941	779	46641	611	12568	388	17699	-0.266	0.286
GMPBPervanadate/Ctr	4358	1376	1475	674	3927	10397	10593	36827	4715	8464	6427	11660	-13.433	14.094
liverNormal,_Sorafenib/Ctr	2500	845	1056	404	3548	10776	8883	38537	3495	9684	5571	12516	-5.206	15.311
HeLaPervanadate/Ctr	14680	6865	3283	1895	7705	6619	19908	27512	6603	6576	10916	7171	-3.19	5.844
HeLaH89/Ctr	893	271	585	197	1774	12550	3776	43644	2389	10790	2368	15719	-2.016	0.772
SK-BR-3Lapatinib_10uM__60min/Ctr	403	109	168	49	1174	13150	2634	44786	1171	12008	2014	16073	-7.003	4.2
Kasumi-1Ku-794_100nM/Ctr	4088	1316	1331	623	3782	10542	10163	37257	4274	8905	5744	12343	-6.199	8.99
184A1EGF_16min/Ctr	130	17	83	10	937	13387	3046	44374	1331	11848	2338	15749	-0.381	4.901
SW1736AZD6244_30min/Ctr	1699	411	639	231	2635	11689	6309	41111	2423	10756	3916	14171	-3.7910000000000004	1.549
J.gamma1IgG_10min,_Jgamma1/WT_	1626	382	771	234	2344	11980	7096	40324	3803	9376	4543	13544	-3.753	5.047
P31/FUJKu-794_100nM/Ctr	4088	1316	1331	623	3782	10542	10163	37257	4274	8905	5744	12343	-5.257	10.065
A-427Selumetinib/Ctr	4591	1743	1818	773	5568	8756	13515	33905	4740	8439	8184	9903	-5.762	4.972
184A1EGF_8min/Ctr	130	17	83	10	937	13387	3046	44374	1331	11848	2338	15749	-0.344	5.084
HCT_116G824_3uM/Ctr	3781	1060	830	291	3418	10906	8496	38924	3792	9387	5590	12497	-5.614	3.935
MDA-MB-231Ginsenoside_Rg3_24h/Ctr	3530	1327	1358	647	4222	10102	10272	37148	3874	9305	5941	12146	-0.798	1.669
breast_cancerHCC/Normal	93	65	66	28	197	14127	686	46734	477	12702	289	17798	-5.606	3.147
Skeletal_musclePMI_5011,_Ctr/Insulin	151	35	68	16	211	14113	410	47010	420	12759	226	17861	-0.961	1.008
184A1EGF_4min/Ctr	167	23	106	16	989	13335	3155	44265	1468	11711	2395	15692	-0.785	4.126
HEK293Ang_15min/Ctr	8275	3531	1642	876	5095	9229	12426	34994	4396	8783	7626	10461	-5.310666666666667	7.48
MelanocytesQ61/E	2975	986	709	283	2640	11684	5775	41645	2653	10526	3641	14446	-6.775	5.496
K-562Dasatinib_5nM/Ctr	4301	1650	1219	543	3481	10843	9214	38206	3554	9625	5578	12509	-3.3220000000000005	5.379
bloodADP_10s/Ctr	3725	1452	1364	567	3480	10844	10501	36919	4669	8510	6231	11856	-1.719	4.787
HCT_116PLX4032_45min/Ctr	4810	1880	1771	841	5548	8776	13285	34135	4647	8532	8029	10058	-2.459	3.988
HeLaCHC_siRNA/Luc_siRNA	2793	1151	837	506	2747	11577	4741	42679	2555	10624	2642	15445	-5.928	3.462
HEK293SII_Ang_15min/Ctr	8255	3529	1637	875	5094	9230	12412	35008	4388	8791	7624	10463	-5.782333333333334	3.021
P31/FUJPI-103_1000nM/Ctr	4088	1316	1331	623	3782	10542	10163	37257	4274	8905	5744	12343	-12.336	13.122
MCF-7Rapamycin_15min/Ctr	1611	645	747	346	2334	11990	6073	41347	2534	10645	3432	14655	-3.837	6.49
SH-SY5YCrizotinib/Ctr	13821	6595	2893	1697	7046	7278	18797	28623	6005	7174	11085	7002	-17.908	16.741
NB-1643Crizotinib/Ctr	15138	7460	2658	1629	6755	7569	17304	30116	5788	7391	10415	7672	-5.7254000000000005	13.927
HEK293DOI/Vehicle	14	8	10	3	82	14242	127	47293	76	13103	108	17979	-0.971	0.714
MCF-7RT_15min/Incubator	2698	899	859	399	2471	11853	6801	40619	2692	10487	4514	13573	-16.97	12.723
Ba/F3BirA-p190/BirA-p210	1894	344	679	169	1701	12623	5985	41435	3448	9731	3813	14274	-5.899	5.419
HAECAng-(1-7)_5min/Ctr	128	19	87	16	352	13972	1102	46318	419	12760	759	17328	-0.91	1.604
SW48G12V/SW48	269	91	170	48	702	13622	1238	46182	1037	12142	725	17362	-1.877	2.34
NCI-H292Smoke/Ctr	513	171	358	133	1510	12814	3521	43899	1533	11646	2307	15780	-4.644	4.78
AMLPervanadate/Ctr	4358	1376	1475	674	3927	10397	10593	36827	4715	8464	6427	11660	-9.681	11.969
HCT_116PLX4032_15min/Ctr	4530	1781	1751	837	5485	8839	13132	34288	4643	8536	8013	10074	-4.053	5.605
HeLa_S3TNFA/Ctr	151	57	93	23	338	13986	1299	46121	417	12762	1103	16984	-3.591	4.022
BOECThrombin_30min/Ctr	6821	3319	1918	1080	5090	9234	14332	33088	5157	8022	8549	9538	-2.728	4.093
WM239APLX4032/Ctr	13229	6162	3182	1922	7727	6597	20186	27234	6612	6567	11532	6555	-4.042	5.316
NCI-H1975EGF+TKI/Ctr	865	175	294	79	1338	12986	4804	42616	2466	10713	3489	14598	-4.584	3.403
HAECAng-(1-7)_20min/Ctr	128	19	87	16	352	13972	1102	46318	419	12760	759	17328	-1.098	0.985
SH-SY5YLRRK2-IN-1/Ctr	2921	1156	1212	529	3718	10606	9801	37619	3778	9401	6250	11837	-3.976	3.71
SK-BR-3Lapatinib_1uM__10min/Ctr	402	106	166	48	1157	13167	2617	44803	1176	12003	1992	16095	-2.83	3.17
J14Anti-lgG_10min,_SLP76+/SLP76-	276	42	167	36	517	13807	2534	44886	1587	11592	1890	16197	-4.416	6.714
NHAGDC0973+GDC0941/Ctr	3226	1219	1190	527	3843	10481	9261	38159	4102	9077	5522	12565	-11.9918	4.615
COLO_205PLX4032_5min/Ctr	4542	1659	1430	620	4811	9513	12046	35374	4063	9116	7412	10675	-4.161	4.168
Kit225IL-15/Ctr	33	4	23	2	126	14198	608	46812	329	12850	500	17587	-0.8685	7.982
GTL-16PF-04217903_6h/Ctr	19591	11326	4185	3038	6598	7726	21067	26353	7528	5651	9449	8638	-1.779	1.703
GTL-16PF-04217903_24h/Ctr	19591	11326	4185	3038	6598	7726	21067	26353	7528	5651	9449	8638	-3.8753333333333333	1.857
Jurkat_E6.1U0126_0min/Ctr	384	68	236	56	798	13526	3841	43579	2034	11145	2965	15122	-2.235	5.334
MCF-7IKKB(WT),_TNFA/Ctr	9178	4504	2391	1550	6346	7978	15869	31551	5554	7625	9087	9000	-5.483	3.477
JurkatHIV-1_20min/Ctr	12002	4705	3124	1612	7124	7200	19755	27665	6445	6734	11619	6468	-3.857	6.377
MCF-10AD.serum_20min/Ctr	121	56	94	46	229	14095	548	46872	473	12706	259	17828	-0.221	0.25
JurkatPGE2_20min/Ctr	8150	3032	2060	923	5540	8784	14320	33100	4967	8212	8778	9309	-1.293	1.423
hTERT-RPE1Plk1(wt)_3-MB-PP1/Ctr	13454	5914	2819	1592	7297	7027	19112	28308	6123	7056	11085	7002	-4.322	5.315
Jurkat_E6.1Anti-CD3+Anti-CD28_30min/Ctr	6333	1777	1351	542	4011	10313	10337	37083	3828	9351	6137	11950	-8.226	9.096
HCT_116Cortistatin_A/Ctr	11466	5271	3151	1835	8011	6313	20323	27097	6540	6639	11691	6396	-4.291	6.391
A-498HB-EGF/Ctr	8144	2444	1445	687	4862	9462	13153	34267	4431	8748	8451	9636	-7.278	5.014
skin200_cGy/Ctr	541	105	198	44	644	13680	1936	45484	782	12397	1281	16806	-7.966	0.0
DLD-1TRAIL_60min/Ctr	2118	611	766	315	2757	11567	6078	41342	2597	10582	3427	14660	-4.083	2.38
J.VAv1IgG_5min,_J.Vav1/J.Vav1.WT	763	158	449	106	1102	13222	4777	42643	2811	10368	3355	14732	-7.653	5.793
K-562Dasatinib_50nM/Ctr	4296	1646	1217	541	3481	10843	9211	38209	3554	9625	5578	12509	-3.3220000000000005	4.818
HeLaPervanadate_10min/Ctr	106	23	76	18	603	13721	2480	44940	1015	12164	2037	16050	-0.61	8.42
J.VAv1IgG_10min,_J.Vav1/J.Vav1.WT	759	160	446	108	1048	13276	4725	42695	2788	10391	3327	14760	-6.673	8.369
MCF-10AD.serum_5min/Ctr	102	39	66	28	130	14194	260	47160	270	12909	166	17921	-0.283	0.277
MCF-10AATP_0uM+EGF/Ctr	312	120	228	94	885	13439	1784	45636	1270	11909	1142	16945	0.0	0.0
HSFPGE2/Ctr	133	56	70	35	326	13998	529	46891	415	12764	352	17735	-1.684	5.531499999999999
SW48GDC0032/Ctr	3761	1126	797	378	2605	11719	6726	40694	2687	10492	3910	14177	-2.569	4.595000000000001
BT-474BT-474,_Lapatinib/Ctr	6676	2910	2026	1072	5998	8326	14686	32734	5117	8062	9005	9082	-16.039	5.8688
A-431K8-S431A/WT	5314	1879	1582	766	5020	9304	11728	35692	4469	8710	6856	11231	-5.421	2.45
HeLa_S3Noscapine_60min/Ctr	1512	538	451	174	1242	13082	3026	44394	1642	11537	1603	16484	-12.452	1.947
U2OSVE-821+HU/Ctr	8994	4065	2645	1488	7137	7187	17587	29833	6059	7120	10484	7603	-6.47	5.918
U-937Tet-free_0d/Ctr	602	218	381	156	1145	13179	2800	44620	1812	11367	1495	16592	-3.322	6.644
HeLaCtr/BI_4834	3944	1421	1281	600	3955	10369	9490	37930	3598	9581	5989	12098	-6.601	3.214
HNSCCJHU-O11/(OKF6/TERT1)	3540	1433	1581	780	4607	9717	11183	36237	4603	8576	6631	11456	-3.474	4.806
HeLaSB202190_20min+EGF_15min/Ctr	4911	1832	1295	580	4124	10200	10443	36977	3892	9287	6414	11673	-5.272	3.153
MCF-7TNFA/IKK-B(WT)	9182	4504	2391	1550	6348	7976	15874	31546	5551	7628	9090	8997	-5.386	2.8445
ARPE-19POS_15min/Ctr	1739	767	903	411	3431	10893	7937	39483	3297	9882	5247	12840	-3.097	3.631
NCI-H929Velcade/Ctr	6255	2451	2047	1016	5260	9064	14498	32922	4791	8388	8926	9161	-15.513	7.5255
MCF-10AATP_0uM+EGF+LY294002/Ctr	312	120	228	94	885	13439	1784	45636	1270	11909	1142	16945	0.0	0.0
HaCaTTGFB_5min/Ctr	8301	3853	2349	1368	6458	7866	15712	31708	5586	7593	8845	9242	-1.313	1.341
HeLaCX-4945/Ctr	20854	7647	2985	1403	7680	6644	19000	28420	6158	7021	10521	7566	-2.8635	5.499
MCF-10AEGF_20min/Ctr	121	56	94	46	229	14095	548	46872	473	12706	259	17828	-0.328	0.284
PC-9EGF/Ctr	199	40	134	27	1139	13185	3508	43912	1506	11673	2691	15396	-3.172	3.992
HCT_116PLX4032_60min/Ctr	4127	1612	1654	779	5295	9029	12749	34671	4459	8720	7767	10320	-3.88	3.423
TIG-3OIS_9d/OISb_9d	9921	4055	2252	1065	6611	7713	16833	30587	6021	7158	9629	8458	-4.115	4.35
MelanocytesG12/E	2975	986	709	283	2640	11684	5775	41645	2653	10526	3641	14446	-8.187	9.278
HeLa_S3AZD1152/Ctr	7255	2910	2429	1281	6220	8104	15421	31999	5355	7824	9204	8883	-5.72	6.506
CL1-0Citreoviridin_10s/Ctr	842	300	303	126	950	13374	2555	44865	1377	11802	1814	16273	-4.771	3.803
COLO_205PLX4032_50min/Ctr	4500	1622	1430	617	4804	9520	11755	35665	4001	9178	7145	10942	-3.895	3.91
CL1-0Citreoviridin_2h/Ctr	659	229	247	103	696	13628	1732	45688	1003	12176	1094	16993	-8.085	2.544
HNSCCJHU-O22/(OKF6/TERT1)	3540	1433	1581	780	4607	9717	11183	36237	4603	8576	6631	11456	-6.644	4.579
HT-293D/2D_culture	396	142	218	76	990	13334	2096	45324	990	12189	882	17205	-3.509	5.496
HeLaEGF_1min/Ctr	2967	1088	899	430	2626	11698	7187	40233	3233	9946	4840	13247	-6.285	5.615
colorectal_cancerMetastatic/Non-metastatic	11104	4883	2522	1143	7071	7253	17088	30332	6302	6877	9316	8771	-5.082	2.122
Jurkat_E6.1U0126_5min/Ctr	394	75	239	59	827	13497	3923	43497	2079	11100	2998	15089	-6.184	6.97
HUES_9PMA_1h/Ctr	7368	2875	1734	803	4971	9353	12281	35139	4648	8531	7057	11030	-11.707	9.32
CL1-0Citreoviridin_12h/Ctr	619	186	236	92	660	13664	1642	45778	1211	11968	1049	17038	-3.059	4.245
hSAECTGFB/Ctr	757	241	421	177	1553	12771	4075	43345	1908	11271	2492	15595	-2.925	3.161
A-204PazR/A204	5188	2456	1655	951	5117	9207	11460	35960	4399	8780	6443	11644	-7.403	5.67
HEK293SII/Ctr	319	63	186	42	788	13536	3436	43984	1374	11805	2844	15243	-2.474	9.621
J.VAv1IgG_0min,_J.Vav1/J.Vav1.WT	761	159	450	107	1105	13219	4790	42630	2807	10372	3365	14722	-8.253	5.347
BT-474BT-474-J4+Lapatinib/BT-474	6676	2910	2026	1072	5998	8326	14686	32734	5117	8062	9005	9082	-17.786	16.074
HeLaEGF_15min/Ctr	9118	3330	1370	624	4278	10046	10826	36594	4046	9133	6654	11433	-5.861	4.929
HCT_116ERKi_resistant/Ctr	2587	793	447	181	2273	12051	4463	42957	2048	11131	2884	15203	-6.104	4.333
HUES_9NCM_24h/Ctr	7515	3069	1738	816	4421	9903	12289	35131	4536	8643	7206	10881	-7.602	8.43
HeLa_S3Noscapine_15min/Ctr	1512	538	451	174	1242	13082	3026	44394	1642	11537	1603	16484	-1.4725000000000001	3.152
Jurkat_E6.1IO+PMA/Ctr	1153	353	666	225	1985	12339	4340	43080	2612	10567	2243	15844	-12.081	15.248
NFFH2O2/Ctr	4479	2040	1785	966	5432	8892	13521	33899	5029	8150	7890	10197	-4.106	4.878
MCF-10AATP_50uM+EGF/Ctr	312	120	228	94	885	13439	1784	45636	1270	11909	1142	16945	-15.24	12.082
HCT_116Collagen+Nilotinib/Ctr	668	127	335	92	1430	12894	4911	42509	2466	10713	3601	14486	-11.827	9.39
HCT_116EKD/ESC	2345	897	1010	429	3218	11106	7806	39614	3545	9634	4553	13534	-5.41	5.85925
MCF-10AD.serum_120min/Ctr	154	56	116	44	383	13941	779	46641	611	12568	388	17699	-0.336	0.266
HaCaTTGFB_20min/Ctr	8301	3853	2349	1368	6458	7866	15712	31708	5586	7593	8845	9242	-1.317	1.298
Jurkat(HIV_expressing)Doxycycline_12h,_Vpr-deleted/WT	5203	1830	1610	723	4412	9912	11947	35473	4392	8787	7070	11017	-3.172	1.696
bloodScott+(thrombin/convulxin)/Healthy	2334	726	753	267	2137	12187	6894	40526	2848	10331	4289	13798	-3.956	6.045
HT22Propofol/Ctr	2181	662	1024	369	3744	10580	9788	37632	4077	9102	6031	12056	-4.381	7.13
U2OSHU,_CHK1i/Ctr	2354	1086	1202	667	4216	10108	9023	38397	4005	9174	5617	12470	-3.64	4.66
SK-BR-3Lapatinib_1uM__1min/Ctr	385	90	156	41	1095	13229	2541	44879	1144	12035	1935	16152	-2.6	2.2
HCT_116Collagen/Ctr	668	127	335	92	1430	12894	4911	42509	2466	10713	3601	14486	-12.198	10.02475
A-549Selumetinib/Ctr	5460	2080	1947	834	5932	8392	14495	32925	4936	8243	8740	9347	-6.354	5.512
HEBCEGFR_Del/WT	57	4	46	2	740	13584	2131	45289	780	12399	1749	16338	-0.322	3.6956666666666664
JurkatPGE2_5min/Ctr	8135	3012	2054	911	5523	8801	14477	32943	4973	8206	8936	9151	-2.22	1.026
DG-75CD79a_KD/Ctr	7546	3353	2497	1344	6155	8169	15942	31478	5841	7338	9378	8709	-2.61	4.418
HeLaEGF_24h/Ctr	18033	8781	3615	2623	7702	6622	21075	26345	6863	6316	11344	6743	-8.238	10.477
HCT_116PLX4032_30min/Ctr	4909	1918	1794	855	5611	8713	13421	33999	4723	8456	8096	9991	-3.421	6.213
placentaPreeclampsia/Ctr	1673	913	997	578	2113	12211	5670	41750	3169	10010	2783	15304	-7.298	5.615
COLO_205PLX4032_20min/Ctr	4613	1687	1425	626	4852	9472	12053	35367	4103	9076	7441	10646	-2.627	3.262
TIG-3OIS_3d/Ctr	9249	3870	2096	962	6210	8114	14960	32460	5484	7695	8316	9771	-6.559	5.431
HCT_116PLX4032_0min/Ctr	4825	1907	1772	856	5531	8793	13240	34180	4646	8533	8003	10084	-3.515	4.382
PC-9PC9GR/PC9	185	45	114	26	690	13634	2169	45251	1541	11638	1519	16568	-6.549	6.239
K-562Dasatinib_50nM/5nM_	4298	1647	1217	541	3466	10858	9197	38223	3509	9670	5569	12518	-3.322	5.706
hSAECTGFB+TNFA/Ctr	757	241	421	177	1553	12771	4075	43345	1908	11271	2492	15595	-3.331	2.896
CL1-0Citreoviridin_1min/Ctr	671	268	270	113	776	13548	1889	45531	1181	11998	1213	16874	-5.217	2.6995
DLD-1TRAIL_5min/Ctr	2118	611	766	315	2757	11567	6078	41342	2597	10582	3427	14660	-4.106	4.3235
LNCaP_clone_FGCB-ionone_2min/Ctr	1274	466	472	204	1805	12519	4425	42995	1837	11342	2732	15355	-4.62	3.991
NB4M/G1	2495	819	1022	430	3041	11283	7607	39813	3356	9823	4387	13700	-0.548	7.307
HeLaEGF_15min,_U0126_20min/Ctr	4198	1490	1101	468	3614	10710	8872	38548	3498	9681	5368	12719	-5.0745000000000005	3.45
HCT_116PLX4032_40min/Ctr	4867	1925	1762	864	5607	8717	13300	34120	4716	8463	8110	9977	-4.363	4.832
JurkatOKT3_5min/Ctr	74	6	36	4	198	14126	1767	45653	591	12588	1591	16496	-0.971	3.783
HNSCCJHU-O29/(OKF6/TERT1)	3540	1433	1581	780	4607	9717	11183	36237	4603	8576	6631	11456	-6.644	5.42
SK-BR-3Lapatinib_10uM__5min/Ctr	402	105	169	48	1164	13160	2627	44793	1176	12003	2001	16086	-6.12	7.62
MCF-10AEx9-KI/Ex9-KI-J124	9009	3131	1363	665	4435	9889	10802	36618	3871	9308	6644	11443	-11.865	11.783
SCC-9LPA_30min/Ctr	11123	4800	2119	1092	5811	8513	15412	32008	5213	7966	9427	8660	-4.177	5.45
SCC-9LPA_3min/Ctr	12638	5552	2280	1194	6422	7902	16333	31087	5439	7740	9849	8238	-3.2506	6.502
CL1-0Citreoviridin_48h/Ctr	1138	393	375	160	1046	13278	2830	44590	1560	11619	1880	16207	-4.109	5.664
HeLaAdhesion+Spreading,_120min/30min	557	225	351	162	1454	12870	3436	43984	1373	11806	2513	15574	-2.943	4.218
JurkatPGE2_60min/Ctr	8221	3076	2079	929	5600	8724	14742	32678	5042	8137	9136	8951	-2.403	1.122
NHARAS-NHA/Ctr	4966	2043	1580	740	4806	9518	12407	35013	4635	8544	7719	10368	-22.117	23.863
HEK293GFP-SRMS/Ctr	1741	380	929	280	2793	11531	7751	39669	4264	8915	4558	13529	-17.344	18.155
HeLaU0126_20min+EGF_15min/Ctr	4178	1488	1095	466	3587	10737	8729	38691	3432	9747	5245	12842	-5.282	3.595
MCF-7RT_120min/Incubator	2698	899	859	399	2471	11853	6801	40619	2692	10487	4514	13573	-15.165	12.737
NCI-H358H358-smoke/parental	1165	481	687	306	2968	11356	6650	40770	2758	10421	4039	14048	-6.644	6.644
THP-1MAA-co-IDA/MM-co-IDA_10min	4047	1100	761	291	2610	11714	7094	40326	2831	10348	4301	13786	-15.368	15.738
J.gamma1IgG_5min,_Jgamma1/WT	1647	396	776	239	2385	11939	7130	40290	3845	9334	4566	13521	-4.3713999999999995	5.207
HUVEC-C007-AM/Ctr	171	59	123	42	320	14004	614	46806	448	12731	349	17738	0.354	3.344
Glioblastoma_initiating_cellEGF_15min/Ctr	2599	1064	941	417	3394	10930	8264	39156	3445	9734	5173	12914	-2.127	4.358555555555556
184A1EGF_1min/Ctr	167	23	106	16	989	13335	3155	44265	1468	11711	2395	15692	-0.2525	4.463
HCT_116Metastatic/Non-metastatic	16590	7172	3288	1644	7680	6644	19441	27979	6633	6546	10684	7403	-0.973	3.856
HeLaEGF_20min/Ctr	2967	1088	899	430	2626	11698	7187	40233	3233	9946	4840	13247	-2.097	5.409
HeLa_S3Asynchronous/Thy_double_arrest	3434	1370	853	391	2716	11608	5997	41423	2744	10435	3851	14236	-4.25	6.183
nfHCCHCC/Normal	47	4	27	3	77	14247	421	46999	123	13056	366	17721	-1.322	0.926
WM239ASCH/Ctr	8471	3793	2663	1308	6818	7506	16926	30494	5940	7239	9804	8283	-3.985	3.065
Jurkat_E6.1U0126_10min/Ctr	392	74	238	58	813	13511	3875	43545	2047	11132	2990	15097	-3.838	6.186
JurkatHIV-1_5min/Ctr	11117	4382	2976	1503	6926	7398	19180	28240	6300	6879	11175	6912	-5.767	7.87
MCF-7TNFA,_IKKB(K44M)/Ctr	9215	4611	2404	1534	6457	7867	15796	31624	5561	7618	9447	8640	-1.706	3.252
HeLa_KyotoStarve/Insulin+aa	3038	1157	1086	499	3542	10782	9268	38152	3432	9747	5945	12142	-7.073	5.2372499999999995
MCF-7TNFA/SC-514	12374	6347	2890	1932	7425	6899	18593	28827	6159	7020	10547	7540	-5.021	5.039
NB-1Crizotinib/Ctr	11000	5509	2607	1506	6500	7824	17168	30252	5802	7377	10225	7862	-13.894	13.16
DG-75Piceatannol/Ctr	2460	977	962	476	2649	11675	7596	39824	3233	9946	4863	13224	-6.475	7.558
HCT_116PLX4032_55min/Ctr	4942	1948	1803	866	5608	8716	13453	33967	4699	8480	8116	9971	-4.822	3.875
ARPE-19POS_60min/Ctr	1731	771	898	415	3390	10934	7916	39504	3281	9898	5198	12889	-3.343	3.622
MCF-10AEGF_10min/Ctr	162	69	118	54	357	13967	804	46616	640	12539	388	17699	-0.265	0.283
bloodScott/Healthy	2343	721	756	266	2138	12186	6894	40526	2854	10325	4291	13796	-4.267	6.38
A-431Gefitinib+FGF2/Ctr	10344	4712	2686	1520	6993	7331	18057	29363	5844	7335	10433	7654	-1.241	1.356
MDA-MB-231Genistein_24h/Ctr	3432	1280	1332	610	3817	10507	10604	36816	3786	9393	6483	11604	-1.692	3.52
ErythrocyteR1,_Ctr/Erythrocyte	660	112	85	28	184	14140	742	46678	904	12275	191	17896	0.12287499999999996	6.644
AML;GMPBAML/GMPB	4358	1376	1475	674	3927	10397	10593	36827	4715	8464	6427	11660	-9.877	14.549
WM239AAZD6244/Ctr	13229	6162	3182	1922	7727	6597	20186	27234	6612	6567	11532	6555	-3.9376666666666664	4.533
HEK293SII_Ang_3min/Ctr	8575	3707	1713	938	5217	9107	12525	34895	4403	8776	7801	10286	-6.644	5.3525
HNSCCJHU-O28/(OKF6/TERT1)	3540	1433	1581	780	4607	9717	11183	36237	4603	8576	6631	11456	-6.644	4.381
HEK293Nocodazole,_PKD1kd/Parental	9223	3741	1956	989	5829	8495	13535	33885	4841	8338	8064	10023	-13.69	13.131
MCF-7TNFA,_IKKB(WT)/Ctr	9181	4503	2392	1549	6348	7976	15876	31544	5558	7621	9090	8997	-7.223	5.963
NCI-H358TRC-794/Ctr	2634	1058	1212	526	3418	10906	8934	38486	3561	9618	5445	12642	-2.756	5.053
COLO_205PLX4032_15min/Ctr	4586	1650	1437	622	4821	9503	11975	35445	4088	9091	7340	10747	-2.136	3.39
U266B1Bortezomib/Ctr	169	60	94	34	212	14112	582	46838	478	12701	267	17820	-6.265	1.167
MCF-10AATP_100uM+EGF+LY294002/Ctr	312	120	228	94	885	13439	1784	45636	1270	11909	1142	16945	-15.445	17.453
A-549TRC-794/Ctr	2960	1102	1214	495	3912	10412	9402	38018	3637	9542	5964	12123	-2.391	2.632
HFFHSV-1_9h/Ctr	6426	2844	1968	994	6184	8140	14337	33083	5219	7960	8082	10005	-29.1	30.204
SW48_PIK3CA_(E545K/+)GDC0032/Ctr	4150	1219	823	379	2721	11603	6935	40485	2747	10432	4072	14015	-2.931	2.007
P31/FUJAZ123_100nM/Ctr	4088	1316	1331	623	3782	10542	10163	37257	4274	8905	5744	12343	-5.002	5.648
MCF-10AATP_50uM+EGF+U0126/Ctr	312	120	228	94	885	13439	1784	45636	1270	11909	1142	16945	-11.25	13.038
DaudiBCR_stimulation_2min/Ctr	6154	2547	2190	1147	5676	8648	14725	32695	5507	7672	8873	9214	-2.454	5.251
A-375BI-D1870/DMSO	7142	2826	2126	1002	5999	8325	15371	32049	5416	7763	9164	8923	-3.986	8.039
HaCaTTGFB_10min/Ctr	8301	3853	2349	1368	6458	7866	15712	31708	5586	7593	8845	9242	-1.394	1.413
HCT_116GDC0973_0.3uM/Ctr	3806	1068	832	292	3420	10904	8503	38917	3795	9384	5592	12495	-4.626333333333334	5.116
NCI-H3255EGF+TKI/Ctr	744	144	254	62	1320	13004	4191	43229	2181	10998	2918	15169	-4.2465	3.334
P31/FUJ;Kasumi-1P31/Fuj/Kasumi-1	3415	1191	1331	622	3782	10542	10163	37257	4274	8905	5744	12343	-6.356	7.562
HeLaMLN8054_1uM/Ctr	22135	8414	3396	1778	7558	6766	20314	27106	6493	6686	11496	6591	-9.794	10.138
HEK293DOI/Lisuride	14	8	10	3	82	14242	127	47293	76	13103	108	17979	-1.029	0.604
NPC;SJNB-10NB10/NPC	2090	766	912	385	3367	10957	8976	38444	3708	9471	5665	12422	-9.2	12.608
Jurkat_E6.1Anti-CD3+Anti-CD28_60min/Ctr	6333	1777	1351	542	4011	10313	10337	37083	3828	9351	6137	11950	-10.159	10.617
MCF-7TNFA+SC-514/Ctr	7764	3793	2178	1331	5898	8426	14792	32628	5310	7869	8660	9427	-4.437	4.549
HeLaEGF_5min/Ctr	7744	3200	1458	799	3878	10446	10467	36953	4220	8959	6584	11503	-2.515	5.644
JurkatPGE2_10min/Ctr	8419	3111	2102	938	5591	8733	14648	32772	5059	8120	9030	9057	-1.435	1.292
CL1-0Citreoviridin_10min/Ctr	744	265	280	115	787	13537	2402	45018	1197	11982	1704	16383	-5.111	2.826
HCT_116MEKi_resistant/Ctr	2587	794	448	181	2269	12055	4453	42967	2058	11121	2878	15209	-10.559	3.186
MCF-7Rapamycin_30min/Ctr	1398	507	669	287	2196	12128	5740	41680	2401	10778	3234	14853	-3.837	1.628
THP-1MAA-co-IDA/MM-co-IDA_20min	4047	1100	761	291	2610	11714	7094	40326	2831	10348	4301	13786	-17.197	15.482
HEBCEGFR_L858R/WT	57	4	46	2	740	13584	2131	45289	780	12399	1749	16338	-0.515	3.0677499999999998
NCI-H1975EGF,_Erlotinib/Ctr	4007	1560	1534	724	5210	9114	12684	34736	4634	8545	7823	10264	-2.004	2.033
skin200_cGy/3_cGy	435	68	167	35	550	13774	1450	45970	599	12580	882	17205	-9.966	-0.041
SW48G12D/SW48	275	97	172	50	701	13623	1245	46175	1044	12135	723	17364	-3.457	4.346
AMLFresh/Frozen	1265	489	627	288	1952	12372	4158	43262	2266	10913	2026	16061	-2.472	5.086
HeLaRO-3306/Ctr	11500	3711	2033	851	5342	8982	13408	34012	5000	8179	8115	9972	-7.25	5.77
SCC-9LPA_90min/Ctr	11121	4799	2119	1092	5811	8513	15412	32008	5213	7966	9427	8660	-3.263	6.2931
MDA-MB-231Genistein_3h/Ctr	3432	1280	1332	610	3817	10507	10604	36816	3786	9393	6483	11604	-1.163	2.195
ErythrocyteHeparin,_Ctr/Erythrocyte	660	107	85	27	184	14140	742	46678	904	12275	191	17896	-1.6885	6.644000000000001
skin200_cGy/10_cGy	537	103	199	44	633	13691	1910	45510	705	12474	1279	16808	-8.381	-0.001
HCT_116MEKi_resistant+G824/Ctr	2589	788	450	180	2273	12051	4468	42952	2063	11116	2884	15203	-10.901	4.381
DG-75BCR_stimulation_2min/Ctr	445	63	237	46	778	13546	3531	43889	1780	11399	2467	15620	-1.4026666666666667	6.257
II-18EGF,_TKI/Ctr	578	113	205	60	1740	12584	4277	43143	1812	11367	3072	15015	-5.348	1.828
HeLaFlavopiridol/Ctr	12369	3914	2018	842	5366	8958	13522	33898	4930	8249	8132	9955	-4.61	5.37
HeLaAZD1152_1uM+ZM447439_5uM/Ctr	23724	9672	3283	1877	7775	6549	20294	27126	6479	6700	11759	6328	-9.763	10.168
HeLa_S3Ctr/G1-S	16038	6170	3168	1594	7063	7261	19170	28250	6567	6612	10327	7760	-6.54	13.82
A-498LPA/Ctr	8172	2449	1448	687	4862	9462	13169	34251	4433	8746	8451	9636	-6.855	5.502
HUES_9NCM_1h/Ctr	7557	3082	1755	821	4441	9883	12336	35084	4547	8632	7227	10860	-9.865	9.513
COLO_205PLX4032_0min/Ctr	4402	1547	1414	611	4813	9511	11990	35430	4052	9127	7404	10683	-2.774	3.37
JurkatCisplatin/Ctr	5479	1760	1489	580	4247	10077	11705	35715	4366	8813	7224	10863	-3.795	4.52
HeLaMLN8054_0.25uM/Ctr	18633	7491	2855	1578	7410	6914	18240	29180	5925	7254	10783	7304	-9.826	10.105
BOECThrombin_10min/Ctr	6806	3307	1918	1075	5057	9267	13990	33430	4914	8265	8368	9719	-2.092	4.537
HEK293AMPK/Ctr	59	7	48	5	157	14167	335	47085	236	12943	213	17874	-0.11	0.09
COLO_205PLX4032_10min/Ctr	4616	1645	1443	604	4882	9442	12093	35327	4108	9071	7471	10616	-2.071	4.223
JurkatOKT3_15min/Ctr	639	177	350	102	1410	12914	4523	42897	1836	11343	3211	14876	-2.286	3.837
WM239ASCH/TRA	8469	3794	2662	1309	6818	7506	16924	30496	5940	7239	9804	8283	-1.758	2.907
NCI-H2228Crizotinib/Ctr	26909	11938	3524	1888	8032	6292	21315	26105	6781	6398	11946	6141	-4.402	6.111
PC-9PC9GR+Erlotinib/Ctr	66	17	41	11	402	13922	926	46494	676	12503	597	17490	-4.23	1.756
myometrialSP-CON/OXT-REL	16	17	9	13	32	14292	71	47349	51	13128	36	18051	-1.152	3.297
BOECThrombin_2min/Ctr	6805	3307	1917	1075	5057	9267	13989	33431	4914	8265	8368	9719	-2.193	4.203
pancreasPancreatic_cancer/Normal	9423	3713	1518	819	4556	9768	11181	36239	4518	8661	6665	11422	-3.234	2.944
hSAECTNFA/Ctr	757	241	421	177	1553	12771	4075	43345	1908	11271	2492	15595	-2.937	2.368
HBEC3-KT;NCI-H1299H1299/3KT	840	265	356	155	1143	13181	2131	45289	1541	11638	1325	16762	-3.756	3.675
bloodScott+ionomycin/Healthy	2317	694	751	264	2123	12201	6873	40547	2848	10331	4272	13815	-3.596	11.019
NHDF2_cGy/Ctr	171	68	122	50	386	13938	975	46445	640	12539	681	17406	-2.735	4.628
HeLaRO3306/Ctr	10692	4484	2264	1289	5939	8385	15548	31872	5294	7885	9312	8775	-5.885	3.925
HFFT._gondii/Ctr	52	20	43	18	157	14167	262	47158	202	12977	148	17939	0.622	4.702
SW48G13D/SW48	273	93	173	48	702	13622	1248	46172	1044	12135	725	17362	-3.052	3.814
Shef4ELA_Mut/WT	519	159	356	115	2113	12211	3856	43564	1503	11676	2287	15800	-1.426	2.22
Jurkat_E6.1Anti-CD3+Anti-CD28_15min/Ctr	6333	1777	1351	542	4011	10313	10337	37083	3828	9351	6137	11950	-8.12	9.865
SK-BR-3Lapatinib_1uM__5min/Ctr	403	106	165	48	1141	13183	2599	44821	1174	12005	1976	16111	-2.0	3.22
NCI-H929Imatinib/Ctr	6255	2451	2047	1016	5260	9064	14498	32922	4791	8388	8926	9161	-15.513	15.858
J.gamma1Anti-CD3+Anti-CD28_30min/Ctr	5660	1618	1335	555	3887	10437	10473	36947	3837	9342	6435	11652	-9.652	9.069
SW1736PLX4032_15min/Ctr	1699	411	639	231	2635	11689	6309	41111	2423	10756	3916	14171	-1.531	1.235
SW48_PIK3CA_(H1047R/+)GDC0941/Ctr	4123	1193	831	380	2674	11650	6768	40652	2757	10422	3910	14177	-3.247	2.924
U-937Tet-free_4d/Ctr	1424	592	810	375	2374	11950	6267	41153	2764	10415	3815	14272	-3.322	10.537
J14Anti-lgG_2min,_SLP76+/SLP76-	300	46	187	39	551	13773	2696	44724	1645	11534	1936	16151	-6.511	9.367
P31/FUJAZ123_1000nM/Ctr	4088	1316	1331	623	3782	10542	10163	37257	4274	8905	5744	12343	-5.452	10.352
J.gamma1Anti-CD3+Anti-CD28_120min/Ctr	5660	1618	1335	555	3887	10437	10473	36947	3837	9342	6435	11652	-8.609	8.57
COLO_205PLX4032_60min/Ctr	4289	1540	1371	590	4617	9707	11228	36192	3994	9185	6738	11349	-3.416	3.733
HeLa_S3Ctr/G1	16131	6192	3195	1602	7076	7248	19241	28179	6584	6595	10345	7742	-12.4	10.63
HeLa_S3Late_S/Ctr	16126	6190	3192	1602	7076	7248	19235	28185	6584	6595	10345	7742	-13.4	8.5
LM-MEL-28PLX4720/Ctr	2204	809	807	333	2670	11654	6713	40707	2734	10445	4113	13974	-0.304	0.292
MCF-10AATP_500uM+EGF+U0126/Ctr	312	120	228	94	885	13439	1784	45636	1270	11909	1142	16945	-12.205	16.515
liverHCC/Normal	12971	5196	2194	1089	5520	8804	15504	31916	5333	7846	8636	9451	-6.558	5.784
JurkatHIV-1_0min/Ctr	10692	4138	2915	1440	6839	7485	18977	28443	6273	6906	11058	7029	-4.734	5.065
SW48_PIK3CA_(H1047R/+)GDC0032/Ctr	4179	1214	832	380	2683	11641	6777	40643	2754	10425	3916	14171	-2.175	2.265
HUES_9NCM_6h/Ctr	8227	3376	1886	901	4620	9704	13009	34411	4766	8413	7685	10402	-9.431	6.463
SK-BR-3Lapatinib_1uM__60min/Ctr	405	106	165	48	1165	13159	2619	44801	1172	12007	1996	16091	-3.68	4.13
lungHOPE/SF	1313	467	499	200	1609	12715	3248	44172	2074	11105	1677	16410	-25.952	22.331
MacrophageInfluenza_A_virus/Ctr	1000	416	588	260	1653	12671	3893	43527	2361	10818	2213	15874	-14.599	14.298
HeLaEGF_30min/Ctr	90	9	62	8	587	13737	2364	45056	1030	12149	1971	16116	-1.86	7.76
HeLaMLN8054_5uM/Ctr	15201	6055	2701	1444	6858	7466	17371	30049	5798	7381	10423	7664	-9.797	10.134
CCRF-CEMCXCL12/Ctr	2826	1019	1274	516	3903	10421	10418	37002	3880	9299	6198	11889	-4.219	10.368
KG-1Ctr/Gefitinib	15175	5254	1946	885	5298	9026	13333	34087	4832	8347	8370	9717	-4.913	5.674
GIST-T1Imatinib_24h/Ctr	193	19	104	14	1035	13289	2701	44719	1291	11888	1940	16147	-3.796	1.864
LNCaP_clone_FGCB-ionone_10min/Ctr	1274	466	472	204	1805	12519	4425	42995	1837	11342	2732	15355	-5.795	3.4245714285714284
DFCSFM_48h/Ctr	3180	1411	1227	608	4333	9991	10872	36548	4085	9094	6686	11401	-3.8059999999999996	3.451
MCF-10AEGF_60min/Ctr	80	32	57	24	108	14216	377	47043	193	12986	144	17943	-0.214	0.256
A-375RSK1/2_RNAi/Ctr	7408	2982	2206	1079	5990	8334	15360	32060	5519	7660	9048	9039	-4.391	5.853
NCI-H1975EGF/Ctr	4871	1735	1683	767	5626	8698	13991	33429	5300	7879	8521	9566	-4.22	4.808
PaSCA-bungarotoxin/Ctr	14263	6680	2598	1508	7012	7312	18280	29140	6068	7111	10407	7680	-3.233	2.239
NCI-H2286Dasatinib/Ctr	169	26	143	25	549	13775	1651	45769	1381	11798	1112	16975	-4.978	3.497
MDA-MB-231PEKD3_siRNA/Ctr	661	219	478	177	1600	12724	3765	43655	2111	11068	1887	16200	-6.644	4.184
